{
  "K1": 38821417.267732285,
  "alpha": -0.3140141570215993,
  "beta": -1.3852716412142616,
  "gamma": -0.2982003048654978,
  "delta": -1.1506458194431093,
  "K2": 0.9510079319689243,
  "K3": 0.05614435746911543
}